age,study_hours_per_week,attendance_rate,previous_score,assignments_completed,sleep_hours,practice_tests_taken,late_submissions,absences,internet_usage_hours,social_media_hours,gender,parent_education,course_type,learning_format,has_part_time_job,internet_access,final_score,risk_level,study_efficiency,discipline_score,digital_distraction
23,61,49,36,25,6,0,27,33,14,19,female,high_school,english,offline,no,yes,18.16,high_risk,0.58,-98,1.27
20,22,77,42,28,3,3,0,38,17,14,male,high_school,science,hybrid,yes,no,33.13,high_risk,1.83,1,0.78
29,8,74,39,23,12,7,25,2,19,15,female,high_school,science,offline,no,no,20.72,high_risk,4.33,-5,0.75
27,11,8,89,19,0,2,6,7,12,22,male,master,science,online,yes,no,19.58,high_risk,7.42,-24,1.69
24,0,33,54,4,11,9,20,22,7,12,male,bachelor,programming,offline,no,yes,0.0,high_risk,54.0,-71,1.5
29,57,75,86,3,1,1,20,13,8,16,female,bachelor,english,offline,yes,no,43.12,high_risk,1.48,-11,1.78
21,0,98,38,27,11,10,16,26,15,22,female,bachelor,programming,offline,no,yes,0.0,high_risk,38.0,-2,1.38
23,33,34,14,11,4,9,29,28,18,7,male,high_school,science,hybrid,no,yes,0.68,high_risk,0.41,-109,0.37
26,47,0,3,29,11,13,9,38,15,20,female,master,english,online,no,no,28.84,high_risk,0.06,-103,1.25
19,0,39,92,19,10,6,10,38,6,1,female,high_school,programming,offline,no,yes,22.37,high_risk,92.0,-67,0.14
23,15,63,85,27,4,1,21,0,13,4,male,bachelor,programming,hybrid,yes,yes,67.25,medium_risk,5.31,0,0.29
27,60,21,24,23,7,8,29,16,13,5,male,bachelor,math,offline,yes,no,65.88,medium_risk,0.39,-98,0.36
27,63,59,12,17,5,15,8,40,3,11,female,master,programming,online,yes,yes,66.86,medium_risk,0.19,-45,2.75
24,62,63,81,16,7,12,8,29,14,17,male,high_school,science,offline,yes,yes,83.4,low_risk,1.29,-19,1.13
21,68,92,32,18,1,8,23,12,2,21,male,phd,programming,online,yes,no,70.19,medium_risk,0.46,-1,7.0
20,21,71,15,8,2,19,4,20,4,21,male,phd,english,offline,yes,yes,29.58,high_risk,0.68,19,4.2
24,66,10,41,3,5,3,16,18,0,0,male,bachelor,programming,online,yes,yes,58.21,medium_risk,0.61,-74,0.0
24,75,13,65,25,11,9,8,18,2,16,male,master,math,offline,no,no,100.0,low_risk,0.86,-47,5.33
19,25,59,54,20,12,11,16,24,14,10,male,high_school,english,online,no,no,42.36,high_risk,2.08,-37,0.67
22,15,29,98,1,9,16,23,21,23,9,male,high_school,english,offline,no,no,20.21,high_risk,6.12,-82,0.38
21,50,34,41,3,2,13,20,30,7,18,female,bachelor,math,offline,no,no,13.04,high_risk,0.8,-86,2.25
18,56,84,33,1,5,13,18,16,3,13,male,bachelor,science,hybrid,yes,yes,51.08,medium_risk,0.58,-2,3.25
24,28,36,29,14,5,1,26,22,1,9,female,high_school,english,hybrid,yes,yes,0.0,high_risk,1.0,-86,4.5
28,77,4,12,1,1,19,6,31,23,14,female,high_school,science,online,yes,no,62.16,medium_risk,0.15,-76,0.58
22,68,82,12,3,6,10,22,9,23,18,female,bachelor,english,offline,no,yes,47.48,high_risk,0.17,-2,0.75
18,46,77,17,5,11,15,8,9,9,3,male,high_school,english,online,yes,yes,88.79,low_risk,0.36,35,0.3
28,61,25,31,6,1,18,6,35,3,1,male,phd,science,hybrid,no,no,81.43,low_risk,0.5,-63,0.25
21,68,61,95,9,5,5,12,7,2,8,female,bachelor,english,online,yes,no,100.0,low_risk,1.38,11,2.67
17,75,3,98,18,0,18,10,19,1,9,male,high_school,science,online,yes,yes,100.0,low_risk,1.29,-65,4.5
28,15,88,38,18,2,4,13,31,16,10,female,bachelor,math,hybrid,yes,no,16.01,high_risk,2.38,-13,0.59
26,47,41,45,25,1,3,18,49,22,13,male,master,science,offline,yes,no,13.01,high_risk,0.94,-111,0.57
22,38,88,28,21,6,14,10,13,20,6,male,bachelor,math,online,no,no,94.45,low_risk,0.72,32,0.29
29,32,17,61,28,13,3,12,49,23,22,female,bachelor,english,hybrid,no,yes,0.0,high_risk,1.85,-117,0.92
28,22,39,92,11,3,19,13,27,19,14,female,master,science,offline,yes,no,41.43,high_risk,4.0,-54,0.7
25,9,71,61,2,7,9,12,45,22,21,female,phd,english,hybrid,no,yes,0.0,high_risk,6.1,-55,0.91
17,68,38,56,12,5,2,0,23,12,18,male,high_school,science,online,yes,yes,69.3,medium_risk,0.81,-8,1.38
27,33,13,15,17,11,4,7,14,4,21,female,master,math,offline,yes,yes,12.54,high_risk,0.44,-36,4.2
27,51,31,55,7,9,5,11,21,20,14,male,bachelor,math,offline,yes,no,36.42,high_risk,1.06,-44,0.67
26,9,50,9,20,3,7,18,29,8,23,male,high_school,science,hybrid,yes,no,0.0,high_risk,0.9,-62,2.56
28,18,37,29,14,4,6,11,3,21,7,male,master,math,hybrid,no,no,42.18,high_risk,1.53,-2,0.32
28,57,96,24,0,12,9,7,12,5,10,female,high_school,english,hybrid,yes,no,73.36,medium_risk,0.41,51,1.67
19,0,22,83,2,12,5,7,22,4,8,female,high_school,english,offline,yes,no,0.0,high_risk,83.0,-43,1.6
28,68,62,4,25,8,13,28,7,9,14,female,master,programming,offline,no,yes,84.1,low_risk,0.06,-36,1.4
23,3,14,64,7,6,3,20,17,7,0,male,high_school,math,online,yes,yes,0.0,high_risk,16.0,-80,0.0
20,15,96,93,3,9,12,12,11,6,0,male,phd,english,offline,no,yes,73.53,medium_risk,5.81,38,0.0
25,23,24,48,15,13,19,11,30,6,18,female,master,science,online,yes,no,21.88,high_risk,2.0,-69,2.57
19,79,16,2,29,13,16,28,13,5,2,male,phd,math,hybrid,yes,yes,100.0,low_risk,0.02,-94,0.33
21,1,96,44,22,8,6,15,33,20,9,male,bachelor,english,hybrid,yes,yes,1.84,high_risk,22.0,-15,0.43
19,31,65,13,9,6,3,0,17,19,7,female,high_school,math,offline,yes,no,46.15,high_risk,0.41,31,0.35
23,23,77,29,11,11,13,12,33,2,14,female,bachelor,science,hybrid,yes,no,16.21,high_risk,1.21,-25,4.67
21,11,52,67,13,0,2,25,10,18,9,female,bachelor,english,hybrid,yes,yes,7.6,high_risk,5.58,-43,0.47
25,49,50,17,13,11,4,6,40,21,0,male,high_school,programming,offline,no,yes,50.18,medium_risk,0.34,-48,0.0
23,34,38,61,1,7,15,27,11,14,17,male,master,programming,online,yes,no,14.97,high_risk,1.74,-65,1.13
18,32,50,36,22,3,19,25,48,3,1,male,high_school,math,offline,no,no,35.53,high_risk,1.09,-121,0.25
20,32,69,24,4,2,3,4,14,11,18,male,bachelor,science,online,no,no,14.31,high_risk,0.73,29,1.5
25,60,5,47,4,13,1,7,30,5,12,male,bachelor,english,offline,yes,no,23.93,high_risk,0.77,-76,2.0
28,50,66,64,5,12,17,24,48,18,21,female,master,science,offline,no,yes,8.44,high_risk,1.25,-102,1.11
18,42,6,52,12,6,18,26,28,3,0,male,high_school,english,hybrid,yes,yes,50.02,medium_risk,1.21,-128,0.0
26,11,50,78,8,11,18,13,25,14,1,male,bachelor,math,offline,no,no,52.66,medium_risk,6.5,-39,0.07
25,66,71,72,29,2,16,22,17,8,15,male,phd,english,offline,yes,yes,100.0,low_risk,1.07,-29,1.67
26,64,41,14,21,7,13,29,31,4,14,female,bachelor,science,online,no,yes,38.72,high_risk,0.22,-108,2.8
21,32,63,48,27,5,18,12,21,12,12,female,bachelor,science,hybrid,no,no,76.97,low_risk,1.45,-15,0.92
18,39,14,87,28,4,12,14,37,22,15,female,master,math,online,yes,yes,49.59,high_risk,2.17,-102,0.65
20,73,28,67,14,3,11,22,16,17,16,male,phd,science,online,no,yes,81.1,low_risk,0.91,-70,0.89
28,42,32,11,13,7,5,16,22,4,20,female,bachelor,english,hybrid,yes,yes,0.0,high_risk,0.26,-60,4.0
28,43,93,58,23,7,3,14,23,15,6,female,bachelor,math,hybrid,yes,no,81.4,low_risk,1.32,5,0.38
23,28,26,36,6,11,18,19,49,18,23,female,phd,english,hybrid,yes,no,0.0,high_risk,1.24,-129,1.21
28,12,35,60,24,0,15,17,7,13,16,male,high_school,science,offline,yes,yes,46.5,high_risk,4.62,-30,1.14
29,11,28,42,19,8,12,17,40,15,6,female,high_school,math,hybrid,yes,no,1.46,high_risk,3.5,-103,0.38
24,45,37,69,1,13,3,1,5,14,12,male,bachelor,english,hybrid,no,no,62.44,medium_risk,1.5,24,0.8
19,1,56,38,6,4,16,3,4,21,4,male,bachelor,science,hybrid,no,no,48.39,high_risk,19.0,39,0.18
17,34,96,55,5,3,0,29,43,3,16,female,high_school,science,online,no,yes,0.0,high_risk,1.57,-77,4.0
20,7,26,62,16,5,17,0,28,6,2,male,master,programming,online,yes,yes,53.53,medium_risk,7.75,-30,0.29
18,25,54,45,26,5,19,3,27,15,6,female,phd,science,offline,no,no,82.31,low_risk,1.73,-9,0.38
24,73,32,87,24,1,16,17,10,23,16,male,phd,english,online,no,yes,100.0,low_risk,1.18,-39,0.67
20,33,67,10,24,7,14,4,0,21,6,female,master,math,offline,no,yes,100.0,low_risk,0.29,55,0.27
18,6,85,61,27,6,10,18,42,20,20,female,master,programming,online,no,yes,0.0,high_risk,8.71,-53,0.95
22,67,65,76,1,0,12,14,18,21,0,female,master,science,hybrid,no,yes,100.0,low_risk,1.12,-13,0.0
22,57,9,97,2,4,0,27,8,20,16,male,master,science,online,yes,yes,30.59,high_risk,1.67,-88,0.76
26,74,4,24,4,11,16,7,26,7,16,female,master,science,offline,yes,no,60.46,medium_risk,0.32,-69,2.0
20,28,73,70,4,5,5,19,33,16,10,male,master,english,online,no,yes,4.66,high_risk,2.41,-50,0.59
22,35,96,51,0,3,3,16,43,15,2,female,phd,programming,hybrid,yes,yes,2.39,high_risk,1.42,-38,0.12
29,20,37,3,7,1,19,0,3,22,14,male,master,english,offline,yes,yes,50.35,medium_risk,0.14,31,0.61
18,35,12,58,11,12,15,11,35,9,20,male,high_school,programming,hybrid,no,no,13.6,high_risk,1.61,-91,2.0
26,9,30,71,23,13,14,25,17,9,10,female,master,math,hybrid,no,no,28.21,high_risk,7.1,-79,1.0
28,72,46,19,3,3,14,18,14,1,15,female,master,english,offline,yes,no,63.12,medium_risk,0.26,-36,7.5
18,23,99,92,12,0,5,14,12,8,21,female,phd,english,hybrid,no,yes,35.35,high_risk,3.83,33,2.33
26,63,87,62,22,6,14,8,18,16,8,female,phd,math,hybrid,yes,no,100.0,low_risk,0.97,27,0.47
20,48,51,53,14,1,13,6,48,10,23,female,master,programming,online,yes,no,24.07,high_risk,1.08,-63,2.09
24,35,55,73,10,12,10,1,5,9,23,male,phd,science,hybrid,no,no,64.25,medium_risk,2.03,42,2.3
23,23,14,97,9,1,6,28,47,21,0,female,bachelor,math,hybrid,yes,no,0.0,high_risk,4.04,-164,0.0
28,22,28,56,2,8,8,8,11,16,21,female,phd,science,hybrid,yes,yes,5.91,high_risk,2.43,-18,1.24
25,61,7,89,21,4,15,9,36,3,15,male,phd,science,hybrid,yes,no,80.51,low_risk,1.44,-92,3.75
24,36,4,40,13,1,4,1,16,15,8,female,phd,math,offline,no,no,52.31,medium_risk,1.08,-31,0.5
21,11,28,2,15,10,19,18,22,19,18,female,phd,programming,online,no,yes,0.0,high_risk,0.17,-70,0.9
29,54,46,5,9,8,9,10,25,14,11,male,high_school,science,hybrid,no,yes,41.01,high_risk,0.09,-34,0.73
18,12,67,4,28,8,17,12,28,20,18,female,high_school,math,hybrid,no,no,18.65,high_risk,0.31,-25,0.86
21,22,75,4,9,0,2,9,32,4,21,female,high_school,english,offline,yes,yes,0.0,high_risk,0.17,-16,4.2
24,29,44,53,11,10,12,13,26,5,8,female,master,english,hybrid,no,no,31.55,high_risk,1.77,-47,1.33
26,16,1,46,29,2,10,17,24,16,6,male,master,english,offline,no,yes,36.71,high_risk,2.71,-98,0.35
25,61,26,86,8,3,16,18,9,0,13,female,bachelor,math,online,no,yes,89.25,low_risk,1.39,-46,13.0
28,12,94,48,0,13,12,21,46,18,18,male,high_school,english,online,no,no,0.0,high_risk,3.69,-61,0.95
28,58,35,8,4,6,5,8,22,3,18,female,master,science,hybrid,yes,yes,23.42,high_risk,0.14,-33,4.5
28,18,35,98,19,9,16,24,20,16,1,male,phd,english,hybrid,yes,no,66.94,medium_risk,5.16,-77,0.06
29,48,25,19,7,3,12,6,20,8,8,female,phd,english,hybrid,yes,yes,50.41,medium_risk,0.39,-33,0.89
25,11,42,60,10,1,18,27,42,23,12,male,high_school,science,offline,no,no,0.0,high_risk,5.0,-123,0.5
29,60,26,34,11,6,18,2,12,1,14,male,bachelor,english,hybrid,no,yes,100.0,low_risk,0.56,-4,7.0
29,18,68,49,0,5,9,19,36,7,2,male,bachelor,science,hybrid,yes,yes,0.0,high_risk,2.58,-61,0.25
17,75,19,81,24,2,2,5,32,14,10,male,phd,english,online,no,yes,94.35,low_risk,1.07,-60,0.67
25,8,10,61,21,5,13,26,23,6,20,male,bachelor,science,hybrid,no,yes,0.0,high_risk,6.78,-114,2.86
23,70,73,16,19,10,18,20,43,5,13,male,high_school,english,online,yes,yes,63.57,medium_risk,0.23,-73,2.17
25,27,37,87,27,5,4,1,10,0,7,female,phd,science,hybrid,yes,no,90.94,low_risk,3.11,14,7.0
24,77,5,2,24,11,4,28,16,14,17,female,master,math,online,no,yes,42.69,high_risk,0.03,-111,1.13
17,51,71,31,10,4,19,5,3,22,18,male,master,science,hybrid,no,no,100.0,low_risk,0.6,50,0.78
28,15,22,98,4,3,16,2,46,6,15,male,bachelor,english,online,no,no,5.81,high_risk,6.12,-76,2.14
24,68,46,12,14,9,9,15,24,16,1,male,phd,english,offline,yes,no,81.54,low_risk,0.17,-47,0.06
24,11,89,88,4,11,4,29,29,1,7,male,phd,programming,online,yes,yes,0.0,high_risk,7.33,-56,3.5
27,24,45,72,11,0,3,7,8,8,21,female,master,science,online,yes,no,25.13,high_risk,2.88,8,2.33
19,51,11,67,4,9,5,1,20,8,5,male,phd,math,online,yes,yes,63.91,medium_risk,1.29,-32,0.56
17,52,89,13,16,5,3,16,19,12,11,female,phd,science,hybrid,no,no,50.22,medium_risk,0.25,3,0.85
24,22,12,97,16,1,6,8,18,5,14,female,phd,science,hybrid,yes,no,37.45,high_risk,4.22,-48,2.33
19,15,61,10,23,12,6,29,18,5,7,male,bachelor,math,hybrid,yes,no,7.08,high_risk,0.62,-62,1.17
19,56,81,55,11,2,17,11,11,19,3,male,phd,science,offline,no,no,100.0,low_risk,0.96,26,0.15
17,38,88,66,23,13,2,2,36,19,14,female,high_school,math,offline,no,no,57.95,medium_risk,1.69,10,0.7
27,52,96,91,27,7,0,10,41,20,19,female,bachelor,math,online,no,yes,56.26,medium_risk,1.72,-16,0.9
21,41,59,28,14,9,3,0,16,2,16,male,phd,science,offline,yes,no,46.23,high_risk,0.67,27,5.33
26,57,42,8,14,13,5,22,36,16,12,male,phd,science,online,no,no,8.57,high_risk,0.14,-96,0.71
23,38,75,66,5,13,8,12,47,16,17,male,high_school,english,online,no,yes,8.35,high_risk,1.69,-55,1.0
26,13,99,24,11,5,13,14,38,11,1,female,bachelor,english,online,yes,yes,22.17,high_risk,1.71,-19,0.08
25,4,67,97,26,2,11,25,27,15,12,female,master,programming,offline,yes,yes,25.41,high_risk,19.4,-62,0.75
28,34,4,75,28,6,19,4,40,14,12,male,master,programming,hybrid,no,no,64.93,medium_risk,2.14,-88,0.8
23,74,36,41,19,3,3,20,34,12,21,female,bachelor,science,offline,yes,no,41.76,high_risk,0.55,-92,1.62
25,17,71,8,17,13,11,29,46,22,14,female,phd,math,online,no,no,0.0,high_risk,0.44,-108,0.61
24,75,91,78,13,8,9,16,47,0,19,male,phd,programming,online,no,no,58.38,medium_risk,1.03,-51,19.0
28,8,30,39,1,4,6,24,17,16,9,male,master,science,offline,yes,no,0.0,high_risk,4.33,-76,0.53
18,73,8,24,8,2,2,22,13,2,2,female,master,programming,online,no,no,63.6,medium_risk,0.32,-84,0.67
17,57,50,4,4,1,13,23,34,14,18,female,master,math,online,yes,yes,5.03,high_risk,0.07,-87,1.2
23,16,28,10,19,10,9,24,43,3,2,male,high_school,science,offline,yes,yes,0.0,high_risk,0.59,-130,0.5
23,6,77,58,25,1,15,5,40,3,21,male,master,math,offline,yes,no,16.78,high_risk,8.29,-18,5.25
24,45,39,97,28,2,15,27,6,17,13,male,high_school,science,offline,no,no,97.68,low_risk,2.11,-54,0.72
21,12,40,87,0,1,9,20,40,16,7,male,bachelor,programming,online,yes,no,0.0,high_risk,6.69,-100,0.41
19,39,85,78,22,13,12,21,12,18,22,male,phd,english,online,yes,no,61.34,medium_risk,1.95,-2,1.16
28,41,10,37,2,3,5,10,17,10,3,female,master,programming,hybrid,no,no,31.31,high_risk,0.88,-54,0.27
24,8,22,71,5,1,11,17,36,19,19,female,phd,programming,hybrid,no,yes,0.0,high_risk,7.89,-101,0.95
22,49,0,4,4,9,8,3,12,2,10,female,phd,english,offline,no,yes,41.27,high_risk,0.08,-33,3.33
27,26,45,47,20,8,12,2,35,7,10,female,master,english,hybrid,no,no,43.19,high_risk,1.74,-31,1.25
19,65,20,89,26,1,3,12,30,13,10,male,master,science,online,yes,yes,82.77,low_risk,1.35,-76,0.71
17,4,89,17,4,8,10,22,1,0,1,male,bachelor,science,hybrid,yes,no,23.25,high_risk,3.4,21,1.0
19,28,35,69,0,12,19,8,15,13,16,male,high_school,math,online,yes,no,41.88,high_risk,2.38,-19,1.14
21,36,53,36,16,5,17,20,8,1,8,female,high_school,math,offline,no,no,67.93,medium_risk,0.97,-23,4.0
19,37,86,59,18,0,10,5,8,22,1,female,phd,programming,offline,no,yes,100.0,low_risk,1.55,55,0.04
17,7,56,47,13,3,3,25,37,3,23,female,master,english,online,yes,yes,0.0,high_risk,5.88,-93,5.75
21,64,0,76,11,13,17,29,10,23,14,male,bachelor,math,hybrid,no,no,68.66,medium_risk,1.17,-107,0.58
26,16,62,27,9,0,0,27,21,18,15,female,bachelor,programming,offline,no,yes,0.0,high_risk,1.59,-61,0.79
23,70,53,68,19,13,6,11,32,5,3,male,bachelor,english,offline,yes,yes,100.0,low_risk,0.96,-44,0.5
23,44,54,76,20,5,5,1,35,0,7,male,bachelor,science,hybrid,yes,no,76.69,low_risk,1.69,-19,7.0
27,3,39,80,17,13,14,2,44,16,8,male,bachelor,programming,hybrid,no,yes,25.59,high_risk,20.0,-55,0.47
25,35,14,39,23,12,17,2,22,7,4,male,high_school,science,online,no,yes,90.69,low_risk,1.08,-36,0.5
26,69,20,44,26,3,10,27,44,18,15,male,high_school,math,hybrid,no,no,37.94,high_risk,0.63,-149,0.79
26,30,46,95,10,2,19,11,44,20,12,male,high_school,math,hybrid,yes,no,40.52,high_risk,3.06,-75,0.57
28,18,72,61,29,2,14,14,33,0,6,female,master,english,hybrid,yes,yes,58.83,medium_risk,3.21,-36,6.0
29,60,52,92,1,8,15,8,8,4,19,male,phd,programming,online,yes,no,84.17,low_risk,1.51,12,3.8
19,53,8,57,24,5,6,22,23,15,16,male,bachelor,science,online,yes,yes,44.23,high_risk,1.06,-104,1.0
23,38,73,66,17,8,9,7,7,5,2,female,master,english,offline,yes,no,100.0,low_risk,1.69,38,0.33
17,73,51,55,28,12,11,10,6,7,4,male,bachelor,math,online,no,no,100.0,low_risk,0.74,9,0.5
20,18,56,39,24,4,13,15,35,12,18,female,high_school,math,offline,no,no,17.59,high_risk,2.05,-59,1.38
29,38,25,97,6,1,4,25,17,15,11,female,master,programming,hybrid,no,no,19.37,high_risk,2.49,-84,0.69
20,66,40,39,23,7,17,26,2,2,6,female,high_school,science,offline,yes,yes,100.0,low_risk,0.58,-42,2.0
21,44,34,90,14,4,4,24,27,18,8,male,bachelor,programming,offline,yes,no,44.93,high_risk,2.0,-92,0.42
23,12,62,76,10,1,2,21,5,11,5,male,bachelor,science,hybrid,yes,no,27.88,high_risk,5.85,-11,0.42
23,57,24,32,17,3,4,3,43,15,16,female,phd,science,offline,no,no,31.73,high_risk,0.55,-71,1.0
29,19,89,5,22,8,16,27,43,10,15,male,bachelor,programming,online,yes,yes,0.0,high_risk,0.25,-78,1.36
27,71,74,87,11,3,18,0,20,9,22,male,high_school,english,online,yes,yes,100.0,low_risk,1.21,34,2.2
29,60,37,18,5,12,18,23,27,19,2,female,bachelor,programming,online,no,no,65.95,medium_risk,0.3,-86,0.1
20,38,1,79,19,11,11,6,39,3,20,female,phd,programming,online,yes,no,32.06,high_risk,2.03,-95,5.0
29,0,6,39,22,11,8,1,0,11,3,male,phd,math,offline,no,no,54.82,medium_risk,39.0,3,0.25
23,2,81,91,29,11,0,23,35,22,9,female,high_school,math,offline,yes,no,2.31,high_risk,30.33,-58,0.39
27,76,90,96,12,12,17,27,20,1,4,female,master,programming,hybrid,yes,no,100.0,low_risk,1.25,-31,2.0
19,61,33,58,19,13,3,4,42,23,20,female,bachelor,programming,offline,no,no,37.3,high_risk,0.94,-63,0.83
22,62,90,58,15,3,9,6,34,21,21,male,phd,math,offline,no,yes,60.17,medium_risk,0.92,4,0.95
28,24,16,47,17,1,6,3,12,18,9,male,bachelor,science,offline,no,no,49.6,high_risk,1.88,-17,0.47
18,55,42,40,9,12,0,4,48,4,11,male,bachelor,programming,hybrid,no,no,22.93,high_risk,0.71,-66,2.2
26,32,58,12,27,11,16,23,9,7,9,female,master,english,online,no,no,67.37,medium_risk,0.36,-29,1.12
29,37,50,44,22,5,1,0,43,6,12,male,phd,english,offline,no,no,35.8,high_risk,1.16,-36,1.71
25,5,53,88,7,12,10,0,46,13,10,female,bachelor,english,hybrid,yes,no,8.57,high_risk,14.67,-39,0.71
21,57,23,52,17,10,8,14,9,23,21,male,phd,programming,hybrid,yes,no,58.41,medium_risk,0.9,-37,0.88
22,43,24,41,20,13,6,19,45,22,15,male,high_school,science,hybrid,no,yes,0.0,high_risk,0.93,-123,0.65
28,44,70,99,0,1,16,18,12,2,7,female,high_school,science,online,yes,yes,79.39,low_risk,2.2,-8,2.33
28,31,51,62,22,11,16,28,36,17,7,male,bachelor,math,offline,no,yes,32.3,high_risk,1.94,-105,0.39
28,44,69,26,7,6,1,9,37,15,7,female,phd,programming,hybrid,yes,yes,19.85,high_risk,0.58,-32,0.44
28,60,87,37,28,2,5,27,23,22,12,male,bachelor,science,online,no,yes,57.89,medium_risk,0.61,-40,0.52
20,46,32,59,5,2,13,17,1,18,1,male,phd,programming,hybrid,yes,yes,90.42,low_risk,1.26,-21,0.05
27,20,48,6,4,4,5,27,21,18,11,female,phd,math,hybrid,yes,no,0.0,high_risk,0.29,-75,0.58
26,79,28,4,14,2,1,2,16,17,9,female,master,math,hybrid,yes,no,87.41,low_risk,0.05,-10,0.5
23,74,62,44,21,1,0,10,35,19,11,female,master,math,hybrid,yes,no,75.37,low_risk,0.59,-38,0.55
28,35,21,57,14,9,9,14,13,15,10,male,master,english,hybrid,yes,no,50.2,medium_risk,1.58,-47,0.62
25,18,25,30,1,8,4,26,9,7,14,male,bachelor,programming,online,no,no,0.0,high_risk,1.58,-71,1.75
23,19,27,22,0,1,1,29,34,0,15,male,master,math,offline,no,no,0.0,high_risk,1.1,-128,15.0
17,56,84,41,22,13,15,10,24,16,16,female,master,programming,offline,no,yes,87.48,low_risk,0.72,6,0.94
17,17,48,9,22,10,1,16,2,11,1,female,high_school,english,offline,yes,no,41.44,high_risk,0.5,-4,0.08
25,46,70,31,25,1,9,16,46,20,17,female,phd,english,offline,no,yes,19.07,high_risk,0.66,-70,0.81
27,48,80,52,10,12,1,5,37,10,11,male,phd,math,online,yes,yes,36.19,high_risk,1.06,-9,1.0
25,13,83,29,9,7,15,4,16,4,18,male,master,math,online,yes,no,27.66,high_risk,2.07,39,3.6
20,14,48,38,29,8,15,7,11,11,22,female,phd,science,online,yes,no,49.54,high_risk,2.53,5,1.83
29,30,19,30,17,6,18,1,23,16,17,male,high_school,programming,hybrid,no,no,47.4,high_risk,0.97,-30,1.0
25,0,85,81,17,2,6,15,28,5,16,female,high_school,math,hybrid,yes,no,0.0,high_risk,81.0,-16,2.67
19,53,91,99,16,8,11,19,42,0,5,male,master,science,hybrid,no,no,72.44,medium_risk,1.83,-50,5.0
23,2,62,1,25,2,14,23,24,4,14,male,high_school,programming,offline,no,no,0.0,high_risk,0.33,-55,2.8
22,15,60,77,7,4,7,11,35,13,2,female,phd,math,hybrid,yes,no,27.8,high_risk,4.81,-43,0.14
24,56,48,76,14,8,5,5,25,4,5,male,bachelor,science,offline,yes,yes,90.11,low_risk,1.33,-17,1.0
27,74,70,92,7,11,9,0,37,21,2,male,phd,science,hybrid,no,no,100.0,low_risk,1.23,-4,0.09
25,11,0,11,16,13,2,3,0,23,0,female,bachelor,programming,offline,no,no,37.85,high_risk,0.92,-9,0.0
21,73,95,38,11,13,18,16,19,0,12,female,master,science,hybrid,no,yes,100.0,low_risk,0.51,9,12.0
17,15,12,65,26,2,16,12,27,17,20,male,bachelor,programming,hybrid,no,no,20.69,high_risk,4.06,-78,1.11
19,71,93,95,7,6,6,17,15,15,13,female,high_school,programming,online,no,no,94.41,low_risk,1.32,12,0.81
26,75,86,12,24,11,19,4,46,8,12,male,phd,programming,hybrid,no,yes,98.52,low_risk,0.16,-18,1.33
28,23,50,45,13,0,3,29,16,18,3,female,bachelor,english,hybrid,yes,no,9.63,high_risk,1.88,-69,0.16
24,27,55,26,3,3,13,23,39,21,6,male,phd,science,online,no,no,0.0,high_risk,0.93,-92,0.27
27,7,82,16,0,3,19,23,27,4,21,male,master,programming,offline,no,no,0.0,high_risk,2.0,-41,4.2
22,35,61,94,0,6,14,26,11,1,9,female,master,math,online,no,no,41.58,high_risk,2.61,-39,4.5
24,7,31,97,18,7,7,2,26,14,6,male,high_school,english,online,no,no,45.77,high_risk,12.12,-27,0.4
25,57,29,59,15,0,14,10,41,6,20,male,master,english,offline,yes,no,42.74,high_risk,1.02,-83,2.86
20,59,28,63,13,4,19,12,46,3,14,female,bachelor,science,hybrid,yes,yes,58.49,medium_risk,1.05,-100,3.5
17,49,48,87,20,6,13,3,29,0,14,female,master,programming,offline,no,no,86.62,low_risk,1.74,-19,14.0
17,27,44,34,15,11,8,25,40,12,3,male,high_school,science,hybrid,no,no,4.58,high_risk,1.21,-111,0.23
26,40,92,69,4,3,7,26,33,19,22,female,phd,english,hybrid,no,yes,0.0,high_risk,1.68,-52,1.1
20,63,29,82,8,12,16,13,36,21,22,female,phd,programming,offline,yes,yes,49.64,high_risk,1.28,-82,1.0
28,26,15,29,25,3,1,21,5,6,5,male,master,math,online,yes,no,35.27,high_risk,1.07,-58,0.71
23,62,39,70,29,3,2,10,6,14,23,male,bachelor,programming,offline,yes,yes,88.39,low_risk,1.11,-3,1.53
18,16,18,73,27,11,7,26,31,22,19,female,high_school,english,hybrid,yes,no,0.0,high_risk,4.29,-122,0.83
19,72,17,95,1,5,11,9,31,13,4,female,bachelor,math,offline,yes,no,86.23,low_risk,1.3,-72,0.29
17,32,0,97,17,6,0,18,24,22,19,female,high_school,programming,offline,yes,yes,6.1,high_risk,2.94,-102,0.83
21,76,77,62,5,1,9,17,32,18,11,male,master,math,hybrid,no,no,71.33,medium_risk,0.81,-38,0.58
17,28,46,27,8,4,19,5,6,21,0,male,high_school,math,online,yes,no,93.47,low_risk,0.93,19,0.0
24,12,65,59,0,3,2,26,11,23,7,male,high_school,english,offline,yes,yes,0.0,high_risk,4.54,-35,0.29
17,45,91,78,8,13,5,28,15,19,0,male,master,math,hybrid,no,yes,65.03,medium_risk,1.7,-23,0.0
27,34,93,93,24,12,6,14,15,23,4,male,bachelor,science,hybrid,yes,yes,95.9,low_risk,2.66,21,0.17
17,5,37,36,15,2,19,20,42,17,21,male,master,english,offline,no,yes,0.0,high_risk,6.0,-107,1.17
18,68,50,92,12,6,17,29,35,9,5,male,high_school,science,online,yes,no,85.24,low_risk,1.33,-107,0.5
18,46,62,21,8,10,10,9,12,8,20,female,master,math,offline,no,yes,48.71,high_risk,0.45,11,2.22
28,24,3,67,20,11,18,4,6,7,2,female,high_school,science,online,no,yes,100.0,low_risk,2.68,-21,0.25
22,65,0,19,12,5,4,25,35,9,14,male,master,programming,online,no,yes,1.11,high_risk,0.29,-145,1.4
23,9,7,95,8,13,18,28,46,16,4,male,phd,math,online,no,yes,0.0,high_risk,9.5,-169,0.24
21,55,28,99,10,6,10,4,8,1,23,male,phd,programming,online,no,yes,79.01,low_risk,1.77,0,11.5
17,29,54,67,3,4,11,9,31,5,13,female,master,science,offline,yes,no,26.5,high_risk,2.23,-35,2.17
17,4,2,90,1,12,9,27,10,4,17,male,bachelor,programming,hybrid,yes,yes,0.0,high_risk,18.0,-99,3.4
19,32,31,63,28,5,7,4,7,8,15,female,high_school,math,hybrid,no,no,78.04,low_risk,1.91,5,1.67
18,64,9,16,5,4,8,2,32,4,5,female,phd,programming,hybrid,no,yes,53.03,medium_risk,0.25,-61,1.0
21,17,73,11,13,13,3,22,22,17,23,female,bachelor,science,hybrid,no,yes,0.0,high_risk,0.61,-37,1.28
28,48,82,21,3,6,4,5,24,19,13,female,high_school,science,hybrid,yes,yes,35.45,high_risk,0.43,19,0.65
26,10,33,16,5,1,7,3,7,8,23,female,phd,science,hybrid,no,yes,0.0,high_risk,1.45,10,2.56
22,25,96,9,18,13,8,17,44,16,7,male,phd,math,offline,no,yes,5.17,high_risk,0.35,-43,0.41
23,62,86,64,5,10,14,27,21,16,6,male,master,science,online,no,yes,80.7,low_risk,1.02,-37,0.35
20,58,54,21,1,4,14,8,3,11,7,female,high_school,math,hybrid,no,yes,90.45,low_risk,0.36,24,0.58
23,26,91,89,17,5,15,16,39,6,12,male,bachelor,programming,offline,yes,yes,46.11,high_risk,3.3,-35,1.71
27,48,31,81,12,5,13,28,2,2,5,female,bachelor,science,hybrid,no,no,83.62,low_risk,1.65,-57,1.67
24,76,49,49,8,4,7,12,28,9,17,female,bachelor,programming,hybrid,no,yes,65.18,medium_risk,0.64,-43,1.7
27,32,6,13,22,9,17,26,40,1,1,male,high_school,english,online,yes,no,19.31,high_risk,0.39,-152,0.5
17,0,92,63,18,6,9,14,28,2,7,male,bachelor,programming,online,no,yes,20.26,high_risk,63.0,-6,2.33
22,20,7,46,12,9,19,29,33,15,10,male,bachelor,english,online,no,no,0.0,high_risk,2.19,-146,0.62
24,54,64,28,10,7,5,19,33,1,0,male,bachelor,programming,hybrid,yes,yes,42.34,high_risk,0.51,-59,0.0
21,5,56,75,0,6,11,16,27,23,21,male,master,math,hybrid,yes,yes,0.0,high_risk,12.5,-46,0.88
20,68,66,35,23,4,1,12,12,9,5,female,master,programming,hybrid,yes,yes,100.0,low_risk,0.51,6,0.5
18,4,87,98,29,0,6,15,14,5,15,male,high_school,math,online,no,no,49.33,high_risk,19.6,14,2.5
22,2,86,51,21,12,15,21,22,21,19,male,high_school,math,offline,no,no,10.16,high_risk,17.0,-21,0.86
22,52,58,75,6,4,2,3,43,10,11,male,bachelor,science,hybrid,yes,no,36.28,high_risk,1.42,-37,1.0
27,22,71,6,24,9,12,4,25,22,10,female,master,math,hybrid,yes,no,48.85,high_risk,0.26,9,0.43
17,52,53,28,20,1,2,4,3,6,9,male,phd,english,hybrid,yes,yes,86.49,low_risk,0.53,35,1.29
25,36,66,10,14,12,17,8,25,14,2,female,phd,science,offline,no,yes,75.0,low_risk,0.27,-8,0.13
28,73,50,32,0,4,10,16,39,5,12,male,bachelor,science,hybrid,no,yes,39.79,high_risk,0.43,-76,2.0
27,73,96,5,11,4,7,12,8,19,2,male,bachelor,programming,offline,yes,no,100.0,low_risk,0.07,44,0.1
22,16,91,78,25,1,5,1,4,8,14,female,master,math,hybrid,no,yes,87.26,low_risk,4.59,80,1.56
29,77,7,31,6,4,0,12,31,21,15,male,master,math,offline,yes,no,30.07,high_risk,0.4,-91,0.68
19,72,33,50,14,12,0,21,19,19,12,male,master,english,hybrid,no,no,59.52,medium_risk,0.68,-68,0.6
20,0,34,74,20,3,7,20,49,11,16,female,high_school,programming,online,no,no,0.0,high_risk,74.0,-124,1.33
28,50,95,57,18,0,4,26,10,18,2,male,high_school,programming,online,no,no,78.4,low_risk,1.12,-3,0.11
27,44,87,86,27,2,15,22,14,19,19,female,bachelor,science,online,no,no,89.93,low_risk,1.91,-7,0.95
20,76,77,25,28,0,10,18,31,2,10,female,high_school,science,online,yes,yes,91.59,low_risk,0.32,-39,3.33
19,3,31,97,24,11,4,2,27,14,20,female,master,science,hybrid,no,no,14.41,high_risk,24.25,-29,1.33
26,61,45,45,0,10,3,9,21,1,18,female,master,english,online,no,no,34.37,high_risk,0.73,-24,9.0
19,64,15,97,16,4,5,1,40,20,21,female,high_school,english,offline,yes,yes,57.97,medium_risk,1.49,-68,1.0
19,31,67,28,16,3,13,12,16,1,10,male,phd,science,online,no,no,63.38,medium_risk,0.88,-1,5.0
20,33,36,3,2,6,18,18,25,21,15,male,bachelor,programming,online,yes,no,0.0,high_risk,0.09,-68,0.68
23,71,53,80,11,4,8,25,43,2,20,male,phd,english,online,yes,yes,29.6,high_risk,1.11,-108,6.67
20,38,84,98,5,9,11,16,6,5,2,female,bachelor,programming,hybrid,no,yes,95.25,low_risk,2.51,24,0.33
25,25,13,12,25,13,10,20,41,14,21,female,phd,programming,online,no,yes,0.0,high_risk,0.46,-129,1.4
17,33,94,38,10,3,13,13,25,9,5,female,high_school,math,offline,yes,no,54.44,medium_risk,1.12,5,0.5
24,53,54,14,2,1,15,11,24,8,13,female,bachelor,science,online,yes,yes,41.16,high_risk,0.26,-27,1.44
23,2,47,28,7,3,0,20,9,0,23,male,bachelor,math,online,yes,yes,0.0,high_risk,9.33,-31,23.0
18,49,81,28,13,11,12,11,44,15,17,male,bachelor,science,online,no,yes,28.73,high_risk,0.56,-40,1.06
24,11,6,74,13,1,12,10,18,5,16,female,master,science,offline,yes,no,13.69,high_risk,6.17,-60,2.67
17,64,73,31,9,7,1,6,10,8,3,female,master,programming,online,yes,yes,95.35,low_risk,0.48,35,0.33
27,53,6,1,1,2,3,3,12,3,22,male,phd,science,offline,yes,no,12.0,high_risk,0.02,-27,5.5
28,4,32,46,13,8,5,18,7,1,14,female,high_school,programming,offline,no,no,0.0,high_risk,9.2,-36,7.0
25,56,22,77,8,12,4,0,39,3,10,female,master,programming,online,yes,yes,51.62,medium_risk,1.35,-56,2.5
25,16,84,83,2,3,2,27,3,0,2,female,bachelor,science,offline,no,no,29.0,high_risk,4.88,-3,2.0
18,46,18,21,20,12,0,23,46,18,2,male,master,programming,hybrid,no,no,6.46,high_risk,0.45,-143,0.11
23,22,18,74,25,5,3,28,30,9,15,male,high_school,programming,online,yes,yes,0.0,high_risk,3.22,-126,1.5
26,78,35,26,7,9,19,2,27,20,4,female,master,programming,online,no,no,100.0,low_risk,0.33,-25,0.19
19,13,28,66,15,4,1,12,10,14,20,male,bachelor,english,offline,yes,yes,3.15,high_risk,4.71,-28,1.33
23,65,59,80,1,9,4,14,42,21,9,female,phd,programming,offline,no,no,46.01,high_risk,1.21,-67,0.41
28,74,81,55,5,12,2,1,0,18,18,female,bachelor,english,online,no,no,94.82,low_risk,0.73,78,0.95
26,50,1,91,27,0,8,10,48,15,3,male,high_school,english,hybrid,yes,yes,70.29,medium_risk,1.78,-125,0.19
25,37,0,92,20,8,19,3,46,20,18,female,phd,programming,offline,yes,yes,47.93,high_risk,2.42,-101,0.86
20,63,46,20,28,0,5,18,37,23,10,female,master,programming,offline,yes,no,54.33,medium_risk,0.31,-82,0.42
28,37,68,46,25,7,17,28,23,21,1,male,master,english,hybrid,no,no,74.99,medium_risk,1.21,-62,0.05
17,49,19,79,24,8,5,16,46,3,9,female,master,english,hybrid,no,yes,41.19,high_risk,1.58,-121,2.25
18,29,10,58,11,8,18,2,30,1,10,female,phd,programming,online,yes,no,45.67,high_risk,1.93,-56,5.0
17,78,1,83,4,0,11,27,40,12,19,female,bachelor,programming,hybrid,yes,no,25.61,high_risk,1.05,-160,1.46
28,50,66,5,1,1,10,17,45,0,15,male,phd,science,online,no,no,0.0,high_risk,0.1,-75,15.0
21,62,86,18,15,11,1,7,49,16,18,female,phd,english,hybrid,no,no,19.9,high_risk,0.29,-33,1.06
21,51,11,56,4,12,14,21,25,12,22,male,high_school,english,offline,no,yes,13.37,high_risk,1.08,-102,1.69
27,37,19,68,14,0,11,24,48,3,23,female,phd,science,online,yes,yes,0.0,high_risk,1.79,-149,5.75
23,78,4,2,11,9,11,23,49,6,10,female,master,english,online,no,yes,23.66,high_risk,0.03,-163,1.43
25,29,36,0,3,1,8,25,4,16,13,female,bachelor,math,online,yes,yes,0.0,high_risk,0.0,-47,0.76
25,50,37,57,14,9,1,18,19,8,1,female,bachelor,english,hybrid,no,yes,60.16,medium_risk,1.12,-55,0.11
19,4,93,37,10,11,2,4,40,3,22,male,bachelor,science,offline,no,yes,0.0,high_risk,7.4,1,5.5
19,28,8,14,15,7,11,6,10,18,4,male,master,math,online,yes,no,57.08,medium_risk,0.48,-30,0.21
19,3,97,33,22,4,15,20,32,0,4,female,master,programming,online,yes,yes,27.28,high_risk,8.25,-27,4.0
20,9,52,60,5,11,0,7,49,9,18,female,master,science,online,yes,no,0.0,high_risk,6.0,-67,1.8
24,55,43,34,13,10,2,27,37,3,20,female,master,science,online,no,no,0.0,high_risk,0.61,-112,5.0
22,16,98,63,17,6,19,4,26,8,11,female,master,programming,offline,no,no,68.2,medium_risk,3.71,34,1.22
24,73,85,24,11,1,1,16,33,12,17,female,phd,science,hybrid,no,yes,39.88,high_risk,0.32,-29,1.31
17,16,23,23,26,7,8,4,14,13,3,female,master,english,offline,yes,no,58.75,medium_risk,1.35,-17,0.21
24,68,80,11,10,10,18,3,31,9,21,female,master,programming,online,no,yes,76.12,low_risk,0.16,9,2.1
20,33,73,17,12,5,14,21,20,5,16,female,master,science,offline,yes,no,23.41,high_risk,0.5,-30,2.67
27,5,29,14,20,7,17,18,45,15,9,male,master,programming,online,yes,no,0.0,high_risk,2.33,-115,0.56
17,52,58,79,22,0,10,26,4,5,19,male,bachelor,programming,hybrid,yes,yes,76.77,low_risk,1.49,-28,3.17
24,65,86,26,10,0,15,20,5,16,5,male,master,programming,hybrid,no,no,100.0,low_risk,0.39,16,0.29
20,76,95,71,22,11,16,1,37,9,13,female,phd,math,hybrid,no,no,100.0,low_risk,0.92,18,1.3
22,42,80,59,15,6,4,10,21,17,10,female,phd,science,online,yes,no,57.16,medium_risk,1.37,8,0.56
24,74,80,45,14,7,11,21,17,21,10,female,phd,math,offline,no,no,99.32,low_risk,0.6,-17,0.45
20,22,13,88,20,12,10,12,13,17,17,male,high_school,science,hybrid,yes,yes,43.81,high_risk,3.83,-49,0.94
19,54,8,16,27,2,14,14,9,2,22,female,bachelor,english,online,yes,no,64.61,medium_risk,0.29,-52,7.33
25,79,39,92,14,4,2,11,45,19,21,male,master,english,online,no,no,51.54,medium_risk,1.15,-84,1.05
19,74,65,52,24,11,0,21,12,20,17,female,high_school,english,offline,yes,yes,80.88,low_risk,0.69,-22,0.81
25,15,24,7,3,0,19,20,30,14,23,male,master,science,hybrid,yes,no,0.0,high_risk,0.44,-96,1.53
29,7,72,78,10,6,15,21,29,14,22,male,high_school,programming,online,no,no,0.0,high_risk,9.75,-49,1.47
18,3,21,26,18,4,1,10,2,3,10,male,high_school,programming,offline,yes,no,10.61,high_risk,6.5,-13,2.5
18,3,3,45,14,7,1,6,29,8,20,female,phd,math,hybrid,yes,no,0.0,high_risk,11.25,-73,2.22
18,55,25,49,3,12,2,27,5,18,11,male,phd,math,offline,yes,yes,27.78,high_risk,0.88,-66,0.58
22,24,57,70,20,7,7,4,28,23,4,female,high_school,english,offline,yes,no,63.74,medium_risk,2.8,-11,0.17
19,66,28,2,12,8,14,16,7,16,22,female,phd,math,online,yes,yes,59.75,medium_risk,0.03,-34,1.29
29,66,97,92,21,6,6,23,43,10,8,female,high_school,science,online,yes,no,75.68,low_risk,1.37,-58,0.73
25,26,86,63,18,10,5,19,44,8,8,female,bachelor,science,online,yes,no,13.33,high_risk,2.33,-59,0.89
20,31,36,43,1,0,8,8,42,9,21,female,phd,math,offline,no,no,0.0,high_risk,1.34,-72,2.1
17,49,74,52,13,12,19,13,43,17,9,male,phd,math,online,no,yes,63.59,medium_risk,1.04,-51,0.5
20,60,69,23,28,2,0,25,32,19,21,female,phd,math,offline,yes,no,19.5,high_risk,0.38,-70,1.05
17,50,17,59,3,7,7,11,16,12,18,female,bachelor,math,offline,yes,no,34.03,high_risk,1.16,-48,1.38
21,18,84,2,15,2,2,5,47,7,0,female,high_school,english,online,no,yes,5.73,high_risk,0.11,-25,0.0
20,20,41,19,20,7,3,16,10,6,6,female,master,english,hybrid,no,yes,24.73,high_risk,0.9,-27,0.86
24,4,99,45,19,0,14,18,12,16,3,female,phd,math,hybrid,no,yes,57.52,medium_risk,9.0,21,0.18
24,41,40,14,13,4,5,18,49,20,0,male,high_school,science,hybrid,no,yes,5.56,high_risk,0.33,-112,0.0
23,60,37,24,26,3,14,25,10,22,14,male,bachelor,english,offline,no,no,79.28,low_risk,0.39,-58,0.61
19,21,33,93,28,4,2,15,30,14,7,female,master,science,offline,yes,no,39.3,high_risk,4.23,-72,0.47
17,20,16,77,14,7,13,11,27,19,11,male,phd,programming,offline,no,no,31.74,high_risk,3.67,-71,0.55
17,69,36,70,27,9,19,11,43,14,21,male,bachelor,science,online,no,no,78.13,low_risk,1.0,-83,1.4
28,0,24,16,2,13,13,19,5,0,21,female,bachelor,math,offline,no,yes,0.0,high_risk,16.0,-43,21.0
27,4,75,83,7,3,3,5,40,13,17,male,master,programming,online,yes,no,0.0,high_risk,16.6,-20,1.21
19,11,86,99,15,10,11,22,15,4,14,female,high_school,english,online,yes,no,38.65,high_risk,8.25,-10,2.8
22,45,85,8,9,3,16,25,3,10,16,male,phd,english,hybrid,yes,no,47.48,high_risk,0.17,4,1.45
23,33,84,37,3,2,6,3,34,15,13,male,phd,programming,hybrid,yes,no,21.51,high_risk,1.09,7,0.81
22,48,26,47,29,6,8,5,47,1,13,male,high_school,science,hybrid,yes,yes,47.87,high_risk,0.96,-83,6.5
22,77,56,59,17,2,2,10,25,7,17,female,high_school,english,online,yes,no,76.43,low_risk,0.76,-24,2.12
22,44,30,62,1,11,12,0,11,10,19,male,high_school,math,online,no,no,55.33,medium_risk,1.38,8,1.73
29,26,5,85,16,2,14,29,10,17,17,male,master,programming,online,yes,no,25.03,high_risk,3.15,-102,0.94
19,72,90,1,12,10,17,23,36,2,15,female,master,math,offline,yes,yes,56.55,medium_risk,0.01,-51,5.0
22,25,39,87,3,9,18,22,24,0,0,female,phd,programming,online,no,yes,49.69,high_risk,3.35,-75,0.0
24,46,97,71,25,4,0,14,17,10,22,male,master,english,hybrid,yes,no,56.02,medium_risk,1.51,21,2.0
27,55,11,10,24,4,5,26,18,15,10,female,bachelor,science,hybrid,no,no,40.55,high_risk,0.18,-103,0.62
27,62,52,63,29,13,1,10,22,17,14,male,phd,programming,online,no,no,83.14,low_risk,1.0,-22,0.78
18,47,70,76,10,5,13,24,37,15,11,male,master,programming,online,yes,yes,38.87,high_risk,1.58,-76,0.69
21,60,9,80,6,7,5,18,17,22,7,female,high_school,math,hybrid,no,no,62.84,medium_risk,1.31,-79,0.3
17,25,44,71,11,9,13,17,25,9,21,female,bachelor,english,online,no,no,12.44,high_risk,2.73,-57,2.1
28,35,16,20,9,5,3,16,5,17,19,female,high_school,math,hybrid,no,no,3.1,high_risk,0.56,-42,1.06
17,0,25,17,6,11,7,18,3,5,5,male,phd,english,offline,no,yes,0.0,high_risk,17.0,-35,0.83
21,7,84,93,12,0,2,20,43,18,2,female,high_school,math,hybrid,yes,no,0.0,high_risk,11.62,-62,0.11
28,51,91,63,6,7,18,13,28,3,23,male,master,programming,offline,no,no,47.16,high_risk,1.21,-4,5.75
29,78,61,81,23,7,13,26,33,12,12,female,master,math,online,yes,yes,94.46,low_risk,1.03,-83,0.92
19,46,45,94,16,8,19,17,16,23,12,male,phd,science,online,no,yes,96.19,low_risk,2.0,-38,0.5
20,55,63,37,9,8,16,27,42,13,1,female,high_school,english,offline,no,no,49.09,high_risk,0.66,-102,0.07
19,13,1,31,28,1,7,18,42,2,4,male,phd,english,online,no,yes,0.0,high_risk,2.21,-137,1.33
17,27,53,10,9,1,13,14,15,9,16,female,high_school,programming,offline,yes,no,18.25,high_risk,0.36,-19,1.6
17,77,64,44,23,2,5,14,1,5,5,male,bachelor,english,online,yes,yes,100.0,low_risk,0.56,20,0.83
28,1,50,88,3,0,15,3,33,0,1,female,master,science,hybrid,yes,yes,29.08,high_risk,44.0,-25,1.0
28,25,52,32,19,3,18,6,7,22,3,female,phd,math,online,no,no,96.31,low_risk,1.23,20,0.13
29,13,35,40,3,13,13,12,12,23,21,male,bachelor,programming,hybrid,no,no,0.0,high_risk,2.86,-25,0.88
21,58,25,7,21,3,18,2,41,13,10,female,bachelor,science,hybrid,no,no,72.14,medium_risk,0.12,-63,0.71
22,55,28,10,6,13,2,15,7,7,7,male,phd,english,offline,no,yes,44.97,high_risk,0.18,-31,0.88
19,6,20,85,21,8,9,8,29,18,11,male,phd,english,online,yes,no,20.77,high_risk,12.14,-62,0.58
28,2,10,50,0,8,18,7,31,13,7,female,bachelor,science,offline,no,no,0.0,high_risk,16.67,-73,0.5
25,22,39,87,11,8,8,19,35,9,10,male,high_school,math,online,yes,no,6.82,high_risk,3.78,-88,1.0
21,17,10,40,23,9,19,12,46,16,21,female,bachelor,math,hybrid,no,no,0.0,high_risk,2.22,-118,1.24
24,37,35,16,12,6,12,16,29,8,19,female,phd,programming,hybrid,yes,no,6.93,high_risk,0.42,-71,2.11
29,14,58,75,9,13,6,16,0,5,7,male,bachelor,english,online,yes,yes,48.33,high_risk,5.0,10,1.17
17,63,38,45,14,1,13,16,42,10,7,female,high_school,science,online,no,no,54.32,medium_risk,0.7,-94,0.64
21,27,98,31,26,9,8,0,38,6,16,male,master,math,offline,no,no,47.39,high_risk,1.11,22,2.29
19,73,53,78,12,4,18,7,16,16,19,male,master,programming,online,yes,yes,100.0,low_risk,1.05,0,1.12
28,38,97,79,22,3,14,18,19,0,19,female,bachelor,english,online,no,no,75.37,low_risk,2.03,5,19.0
17,56,54,53,21,11,19,5,23,21,22,female,high_school,english,online,no,no,91.21,low_risk,0.93,-7,1.0
20,16,23,85,21,10,13,2,49,4,15,male,master,programming,offline,yes,no,17.23,high_risk,5.0,-81,3.0
29,43,21,91,20,7,5,26,21,8,13,male,bachelor,programming,online,yes,no,40.39,high_risk,2.07,-99,1.44
21,24,68,19,21,1,3,4,28,17,10,female,bachelor,math,hybrid,yes,no,27.74,high_risk,0.76,0,0.56
23,16,55,32,27,5,7,12,21,23,6,female,high_school,science,offline,yes,yes,42.42,high_risk,1.88,-23,0.25
17,12,32,73,8,12,16,14,43,20,15,female,phd,english,offline,no,yes,0.0,high_risk,5.62,-96,0.71
19,24,35,39,25,4,8,13,8,1,12,female,bachelor,science,hybrid,yes,yes,49.19,high_risk,1.56,-20,6.0
18,67,19,31,8,11,0,28,36,10,14,male,phd,english,hybrid,yes,no,0.0,high_risk,0.46,-137,1.27
25,9,82,96,14,1,19,22,9,5,23,female,phd,english,hybrid,yes,yes,35.5,high_risk,9.6,-2,3.83
26,66,98,1,9,10,13,15,35,7,15,male,master,science,online,no,no,54.65,medium_risk,0.01,-17,1.88
22,17,80,96,23,9,10,17,36,3,20,male,phd,programming,hybrid,yes,no,23.53,high_risk,5.33,-43,5.0
26,33,61,32,25,0,2,21,27,17,22,female,high_school,math,online,no,no,1.77,high_risk,0.94,-56,1.22
19,7,97,76,24,7,8,28,27,10,23,male,master,english,offline,yes,yes,0.0,high_risk,9.5,-41,2.09
24,39,72,29,28,1,13,21,41,4,8,female,master,programming,offline,yes,yes,48.16,high_risk,0.72,-73,1.6
24,41,25,32,9,6,8,10,42,14,2,male,master,english,hybrid,no,yes,28.1,high_risk,0.76,-89,0.13
18,40,65,76,7,8,3,2,20,17,18,female,bachelor,math,online,yes,no,47.05,high_risk,1.85,19,1.0
22,5,72,25,23,8,3,21,23,1,19,male,bachelor,english,hybrid,yes,yes,0.0,high_risk,4.17,-37,9.5
23,51,72,21,15,7,7,9,41,21,4,male,phd,math,hybrid,no,no,52.95,medium_risk,0.4,-37,0.18
18,25,39,65,16,10,1,9,39,10,9,female,master,math,online,yes,yes,9.96,high_risk,2.5,-66,0.82
27,63,16,37,25,13,8,29,1,12,16,female,master,english,hybrid,yes,yes,69.59,medium_risk,0.58,-73,1.23
26,58,0,89,26,11,13,20,7,3,14,male,high_school,english,offline,yes,no,97.97,low_risk,1.51,-74,3.5
18,55,88,45,4,9,8,15,47,21,22,male,phd,math,hybrid,yes,no,4.41,high_risk,0.8,-51,1.0
26,58,60,14,3,8,15,11,26,6,7,female,high_school,programming,online,no,yes,59.85,medium_risk,0.24,-25,1.0
17,69,42,97,17,1,16,1,21,10,14,male,phd,science,online,yes,yes,100.0,low_risk,1.39,-3,1.27
24,32,41,43,23,5,15,8,36,21,20,female,phd,math,offline,no,yes,31.04,high_risk,1.3,-55,0.91
17,52,24,48,18,3,11,23,26,23,13,male,bachelor,english,online,yes,no,45.09,high_risk,0.91,-97,0.54
25,21,38,74,3,13,2,2,28,3,19,female,bachelor,english,online,no,no,0.0,high_risk,3.36,-24,4.75
27,20,34,60,27,3,10,23,2,14,6,male,high_school,programming,offline,yes,yes,63.72,medium_risk,2.86,-39,0.4
22,69,2,66,6,4,13,29,43,0,20,female,phd,science,hybrid,no,yes,5.18,high_risk,0.94,-171,20.0
23,69,43,5,9,11,17,24,12,22,22,female,master,math,offline,yes,no,48.41,high_risk,0.07,-53,0.96
29,3,50,8,24,2,4,29,44,2,11,male,bachelor,math,hybrid,no,yes,0.0,high_risk,2.0,-125,3.67
26,74,93,5,17,13,15,14,9,13,16,female,master,science,offline,no,no,100.0,low_risk,0.07,33,1.14
23,61,97,72,18,0,19,2,35,5,16,male,high_school,math,hybrid,yes,no,100.0,low_risk,1.16,21,2.67
26,61,11,94,3,7,4,18,8,17,9,female,bachelor,science,offline,no,no,68.17,medium_risk,1.52,-59,0.5
19,23,18,31,9,4,2,17,26,0,18,female,bachelor,english,hybrid,yes,no,0.0,high_risk,1.29,-85,18.0
18,54,43,40,0,2,11,7,33,5,13,female,phd,science,offline,yes,no,39.85,high_risk,0.73,-44,2.17
25,8,58,75,22,9,0,25,0,5,10,male,high_school,math,hybrid,yes,no,27.47,high_risk,8.33,-17,1.67
24,2,48,7,17,13,8,16,31,20,1,female,phd,science,offline,yes,yes,0.0,high_risk,2.33,-62,0.05
29,30,60,71,4,6,8,7,24,15,17,male,bachelor,programming,online,yes,no,18.97,high_risk,2.29,-9,1.06
28,39,16,49,14,6,3,6,28,4,6,female,high_school,english,hybrid,no,no,41.04,high_risk,1.23,-58,1.2
26,35,73,91,16,0,2,29,6,16,11,male,bachelor,english,offline,yes,yes,47.27,high_risk,2.53,-26,0.65
23,23,56,61,2,11,16,6,48,9,1,male,high_school,science,hybrid,yes,no,26.26,high_risk,2.54,-58,0.1
25,5,54,83,11,8,1,2,2,20,19,male,bachelor,math,hybrid,yes,yes,20.52,high_risk,13.83,44,0.9
20,65,46,61,1,1,0,0,19,17,17,female,master,programming,offline,yes,no,58.16,medium_risk,0.92,8,0.94
29,74,11,6,0,4,7,3,19,6,5,male,master,english,hybrid,yes,yes,64.48,medium_risk,0.08,-36,0.71
20,3,61,74,22,12,12,24,29,2,23,female,phd,english,offline,yes,yes,0.0,high_risk,18.5,-69,7.67
17,78,79,83,20,13,14,4,34,12,9,male,master,math,online,no,no,100.0,low_risk,1.05,-1,0.69
24,5,87,79,16,4,7,0,34,14,19,male,bachelor,math,hybrid,no,no,16.09,high_risk,13.17,19,1.27
28,50,82,3,21,13,11,14,48,19,14,male,bachelor,programming,online,yes,no,27.57,high_risk,0.06,-56,0.7
19,61,7,5,15,7,11,4,38,18,4,male,master,science,hybrid,no,no,62.48,medium_risk,0.08,-81,0.21
23,56,94,57,4,13,13,12,26,2,19,female,phd,math,hybrid,yes,yes,53.22,medium_risk,1.0,6,6.33
28,65,20,21,14,7,14,7,25,3,2,male,master,science,hybrid,yes,yes,94.7,low_risk,0.32,-51,0.5
18,78,80,25,2,13,14,7,13,4,4,male,high_school,programming,offline,yes,yes,100.0,low_risk,0.32,33,0.8
18,74,86,2,27,6,8,4,16,0,7,female,high_school,science,online,yes,no,100.0,low_risk,0.03,42,7.0
23,7,79,40,6,6,18,27,17,3,7,male,high_school,english,hybrid,yes,yes,13.39,high_risk,5.0,-36,1.75
22,25,69,59,10,11,19,8,44,11,7,male,master,science,offline,no,no,39.32,high_risk,2.27,-43,0.58
19,50,71,13,9,10,7,0,28,23,11,male,master,programming,hybrid,no,no,52.43,medium_risk,0.25,15,0.46
25,44,24,74,8,5,18,3,19,9,23,male,master,programming,offline,no,yes,57.68,medium_risk,1.64,-23,2.3
26,43,81,81,13,5,5,2,26,22,22,female,high_school,programming,hybrid,no,no,50.67,medium_risk,1.84,23,0.96
29,4,88,11,12,10,19,1,17,20,7,female,phd,science,online,yes,yes,54.83,medium_risk,2.2,51,0.33
22,69,11,86,28,8,18,7,3,19,10,male,bachelor,english,online,no,no,100.0,low_risk,1.23,-16,0.5
26,25,14,11,24,5,3,22,0,23,13,female,master,math,hybrid,yes,yes,16.92,high_risk,0.42,-52,0.54
26,67,58,12,29,11,6,8,49,12,7,female,phd,english,offline,no,no,71.42,medium_risk,0.18,-64,0.54
22,18,25,24,24,12,3,1,0,22,23,male,bachelor,science,hybrid,no,yes,34.79,high_risk,1.26,22,1.0
17,19,25,44,1,12,11,13,25,13,9,female,bachelor,science,offline,no,yes,0.0,high_risk,2.2,-64,0.64
20,11,46,18,2,1,12,13,44,22,6,male,bachelor,math,hybrid,no,no,0.0,high_risk,1.5,-81,0.26
26,46,31,54,6,1,2,3,19,4,16,female,phd,science,offline,yes,no,36.8,high_risk,1.15,-16,3.2
22,0,9,99,20,12,11,29,22,3,3,female,phd,programming,online,no,yes,16.1,high_risk,99.0,-122,0.75
22,13,15,44,17,4,1,5,9,13,12,female,high_school,programming,hybrid,no,no,24.35,high_risk,3.14,-18,0.86
27,63,70,7,2,3,1,10,10,9,3,male,phd,programming,online,yes,no,70.47,medium_risk,0.11,20,0.3
28,37,16,92,9,10,8,2,40,16,4,female,phd,programming,online,yes,no,50.77,medium_risk,2.42,-70,0.24
21,36,22,52,21,1,0,7,40,9,21,male,phd,programming,hybrid,no,yes,1.55,high_risk,1.41,-79,2.1
17,10,25,54,28,2,7,2,4,6,3,male,bachelor,science,hybrid,yes,yes,80.11,low_risk,4.91,11,0.43
24,76,84,31,6,6,5,13,0,15,17,female,master,math,offline,yes,no,91.82,low_risk,0.4,45,1.06
21,2,85,50,8,7,5,27,16,0,5,male,high_school,math,offline,yes,no,0.0,high_risk,16.67,-28,5.0
28,32,6,43,16,11,17,12,21,16,23,female,master,programming,online,no,yes,20.48,high_risk,1.3,-72,1.35
28,5,13,81,10,12,16,12,33,20,23,male,master,science,offline,yes,no,0.0,high_risk,13.5,-89,1.1
28,49,78,69,6,5,11,1,44,8,22,male,phd,english,offline,no,yes,34.6,high_risk,1.38,-13,2.44
21,9,6,17,23,10,5,12,40,5,21,female,high_school,english,hybrid,no,no,0.0,high_risk,1.7,-110,3.5
23,4,8,82,27,4,7,28,28,18,1,female,master,science,offline,no,no,12.78,high_risk,16.4,-132,0.05
20,22,47,21,13,12,18,18,3,12,22,female,master,programming,online,no,no,26.66,high_risk,0.91,-13,1.69
22,9,71,36,18,0,9,26,4,2,10,female,high_school,math,offline,yes,yes,26.92,high_risk,3.6,-15,3.33
29,43,58,95,3,7,0,5,10,6,13,male,phd,science,online,no,yes,54.25,medium_risk,2.16,23,1.86
20,1,86,55,25,2,12,15,20,21,4,male,master,english,hybrid,yes,yes,43.78,high_risk,27.5,1,0.18
19,12,92,58,5,5,16,1,34,8,5,male,bachelor,english,online,no,yes,39.1,high_risk,4.46,21,0.56
23,39,81,2,9,2,2,7,11,21,9,female,master,english,offline,yes,no,46.76,high_risk,0.05,38,0.41
24,1,94,27,6,6,7,16,25,4,7,male,bachelor,programming,hybrid,no,no,0.0,high_risk,13.5,-4,1.4
20,64,93,73,12,12,13,22,18,9,13,female,phd,english,offline,yes,yes,89.4,low_risk,1.12,-9,1.3
29,62,38,34,13,13,2,1,44,22,23,male,master,science,hybrid,no,no,18.66,high_risk,0.54,-53,1.0
18,72,98,60,3,6,15,9,6,16,2,female,high_school,science,hybrid,no,no,100.0,low_risk,0.82,59,0.12
28,16,17,92,7,11,12,27,46,11,11,male,high_school,english,offline,yes,yes,0.0,high_risk,5.41,-156,0.92
26,8,58,53,4,8,19,15,6,22,15,male,master,science,offline,no,no,26.57,high_risk,5.89,1,0.65
19,74,16,62,0,4,16,5,25,15,22,female,phd,english,hybrid,no,no,64.29,medium_risk,0.83,-49,1.38
17,14,13,78,3,7,12,27,39,2,16,male,phd,english,hybrid,no,yes,0.0,high_risk,5.2,-146,5.33
24,23,30,96,2,9,5,1,4,21,0,female,high_school,math,offline,yes,no,77.56,low_risk,4.0,19,0.0
19,37,23,6,8,9,16,1,20,8,22,male,master,programming,online,no,no,23.87,high_risk,0.16,-20,2.44
28,34,98,75,7,7,13,25,13,14,9,male,phd,programming,offline,no,no,59.57,medium_risk,2.14,-3,0.6
26,48,59,48,0,0,16,12,3,4,22,female,high_school,math,hybrid,yes,yes,59.9,medium_risk,0.98,17,4.4
23,68,44,93,26,11,7,23,22,22,9,female,bachelor,math,offline,yes,yes,94.97,low_risk,1.35,-69,0.39
26,61,97,84,5,4,10,14,41,12,20,male,master,programming,online,yes,no,44.98,high_risk,1.35,-27,1.54
21,59,2,30,8,2,19,27,19,13,23,male,bachelor,english,offline,yes,no,21.59,high_risk,0.5,-117,1.64
